stage,net,layer,manual_polyline_mm
CAN bus,/CAN IMU/CANH,F.Cu,"[[117.475, 62.365], [119, 62.365], [119, 60.7], [117.6, 59.3], [117.6, 56.75], [119.3625, 56.75]]"
CAN bus,/CAN IMU/CANL,F.Cu,"[[117.475, 63.635], [119.8, 63.635], [119.8, 60.4], [118.3, 58.9], [118.3, 58.65], [119.3625, 58.65]]"
CAN bus,/CAN IMU/CANH,F.Cu,"[[119.3625, 56.75], [120.6, 56.75], [123.35, 54], [125.0, 54.0]]"
CAN bus,/CAN IMU/CANL,F.Cu,"[[119.3625, 58.65], [121.9, 58.65], [122.15, 58.4], [123.5, 58.4], [124.3, 57.6], [125.0, 56.54]]"
CAN bus,/CAN IMU/CANH,F.Cu,"[[125.0, 54.0], [123.5, 52.5], [123.5, 50], [121.0, 50.0]]"
CAN bus,/CAN IMU/CANL,F.Cu,"[[116.0, 50.0], [115, 50]]"
CAN bus,/CAN IMU/CANL,B.Cu,"[[125.0, 56.54], [122.5, 56.54], [122.5, 53], [118, 53], [115, 50]]"
CAN bus,/CAN IMU/CANH,F.Cu,"[[125.0, 54.0], [127.5, 54], [127.5, 65.4625], [123.0, 65.4625]]"
CAN bus,/CAN IMU/CAN_TERM,F.Cu,"[[123.0, 62.5375], [123, 61]]"
CAN bus,/CAN IMU/CAN_TERM,B.Cu,"[[125.0, 70.0], [126.8, 68.2], [126.8, 64.8], [123, 61]]"
CAN bus,/CAN IMU/CANL,B.Cu,"[[125.0, 56.54], [128.5, 56.54], [128.5, 72.54], [125.0, 72.54]]"
CAN logic,FDCAN_TX,F.Cu,"[[85.675, 79.25], [84.5, 79.25], [84.1, 79.65], [82.6, 79.65]]"
CAN logic,FDCAN_TX,F.Cu,"[[112.525, 61.095], [110.5, 61.095]]"
CAN logic,FDCAN_TX,B.Cu,"[[82.6, 79.65], [82.6, 73.5], [85, 71.1], [101, 71.1], [105, 67.1], [110.2, 67.1], [110.2, 65], [109, 63.8], [109, 61.095], [110.5, 61.095]]"
CAN logic,FDCAN_RX,F.Cu,"[[85.675, 79.75], [87, 79.75], [89, 81.75], [96, 81.75]]"
CAN logic,FDCAN_RX,F.Cu,"[[112.525, 64.905], [111.35, 64.905], [111, 65.255], [111, 66]]"
CAN logic,FDCAN_RX,B.Cu,"[[96, 81.75], [103, 81.75], [111, 73.75], [111, 66]]"
CAN logic,FDCAN_TX,F.Cu,"[[109.9125, 72.0], [109.9125, 73.2], [108.8, 73.2]]"
CAN logic,FDCAN_TX,B.Cu,"[[108.8, 73.2], [107.5, 73.2], [107.5, 71.7], [105, 69.2], [105, 67.1]]"
CAN logic,FDCAN_TX,F.Cu,"[[106.0, 64.0], [104.8, 64]]"
CAN logic,FDCAN_TX,B.Cu,"[[104.8, 64], [104.8, 61.8], [106.3, 60.3], [109.705, 60.3], [110.5, 61.095]]"
CAN logic,FDCAN_RX,F.Cu,"[[106.0, 60.0], [104.8, 60]]"
CAN logic,FDCAN_RX,B.Cu,"[[104.8, 60], [105.8, 59], [110.8, 59], [113, 61.2], [113, 66], [111, 66]]"
CAN logic,CAN_STB,F.Cu,"[[74.325, 82.75], [72.65, 82.75], [72.2, 83.2], [69, 83.2], [65.5, 79.7], [65.5, 60], [68, 57.5], [99, 57.5], [103, 61.5], [103, 70], [113, 70], [113, 68], [109.9125, 68.0]]"
CAN logic,CAN_STB,F.Cu,"[[109.9125, 68.0], [113, 68]]"
CAN logic,CAN_STB,F.Cu,"[[117.475, 61.095], [116.1, 61.095], [116.1, 60.3]]"
CAN logic,CAN_STB,B.Cu,"[[116.1, 60.3], [116.1, 68], [113, 68]]"
IMU draft,IMU_SCK,F.Cu,"[[77.25, 87.675], [77.25, 82]]"
IMU draft,IMU_SCK,F.Cu,"[[90.0, 91.0875], [90, 89.5]]"
IMU draft,IMU_SCK,In2.Cu,"[[77.25, 82], [84, 82], [88, 86], [90, 88], [90, 89.5]]"
IMU draft,IMU_SCK,F.Cu,"[[86.9125, 99.0], [86.9125, 100.4]]"
IMU draft,IMU_SCK,In2.Cu,"[[86.9125, 100.4], [89.5, 100.4], [90.7, 99.2], [90.7, 90.2], [90, 89.5]]"
IMU draft,IMU_CS_N,F.Cu,"[[76.75, 87.675], [76.75, 89], [74, 91.75], [74, 96], [77, 99], [82, 99], [82, 103], [86.0, 103.0]]"
IMU draft,IMU_CS_N,F.Cu,"[[90.5, 91.0875], [90.5, 90.5], [92, 89]]"
IMU draft,IMU_CS_N,F.Cu,"[[86.9125, 96.0], [86.9125, 97.2]]"
IMU draft,IMU_CS_N,F.Cu,"[[86.0, 103.0], [87.5, 103]]"
IMU draft,IMU_CS_N,In2.Cu,"[[92, 89], [94, 91], [94, 98], [89, 103], [87.5, 103]]"
IMU draft,IMU_CS_N,In2.Cu,"[[87.5, 103], [87.5, 102.8], [85.7, 101], [85.7, 98.4], [86.9125, 97.2]]"
IMU draft,IMU_MISO,F.Cu,"[[77.75, 87.675], [77.75, 89.15]]"
IMU draft,IMU_MISO,F.Cu,"[[88.8375, 91.25], [86.7, 91.25]]"
IMU draft,IMU_MISO,In2.Cu,"[[77.75, 89.15], [82, 89.15], [84.5, 91.65], [84.5, 92.45], [85.8, 92.45], [86.7, 91.55], [86.7, 91.25]]"
IMU draft,IMU_MISO,F.Cu,"[[93.0875, 99.0], [93.0875, 100.4]]"
IMU draft,IMU_MISO,B.Cu,"[[93.0875, 100.4], [93.0875, 102], [81.5, 102], [81.5, 92.5], [84.2, 92.5]]"
IMU draft,IMU_MISO,F.Cu,"[[84.2, 92.5], [85.8, 92.5], [86.7, 91.6], [86.7, 91.25]]"
IMU draft,IMU_MOSI,F.Cu,"[[78.25, 87.675], [78.25, 85.2]]"
IMU draft,IMU_MOSI,F.Cu,"[[89.5, 91.0875], [89.5, 90.3], [89.3, 90.1], [87.8, 90.1]]"
IMU draft,IMU_MOSI,In2.Cu,"[[78.25, 85.2], [78.25, 83.5], [84, 83.5], [87.8, 87.3], [87.8, 90.1]]"
IMU draft,IMU_MOSI,F.Cu,"[[89.0875, 99.0], [89.0875, 97.7], [93, 97.7], [95.5, 96.1]]"
IMU draft,IMU_MOSI,B.Cu,"[[95.5, 96.1], [95.5, 90.1], [87.8, 90.1]]"
IMU draft,IMU_INT1,F.Cu,"[[78.75, 87.675], [78.75, 86.5], [80, 85.25]]"
IMU draft,IMU_INT1,F.Cu,"[[88.8375, 92.75], [88, 92.75], [87.4, 93.35], [86.8, 93.35]]"
IMU draft,IMU_INT1,B.Cu,"[[80, 85.25], [80, 83.5], [84.5, 83.5], [86, 85], [86, 92.75], [86.8, 93.35]]"
IMU draft,IMU_INT1,F.Cu,"[[98.0, 88.0], [99.2, 88]]"
IMU draft,IMU_INT1,B.Cu,"[[99.2, 88], [99.2, 93], [97, 95.2]]"
IMU draft,IMU_INT1,F.Cu,"[[97, 95.2], [92, 95.2]]"
IMU draft,IMU_INT1,B.Cu,"[[92, 95.2], [86.8, 95.2], [86.8, 93.35]]"
IMU draft,IMU_INT1,F.Cu,"[[94.0875, 89.0], [93, 89]]"
IMU draft,IMU_INT1,B.Cu,"[[93, 89], [93, 86], [97.2, 86], [99.2, 88]]"
